Column1;Column2;Column3;human grade
Question;Response;Response time (s);
Qu'est-ce que le bonus engagement ?;Le bonus engagement est un avantage offert aux étudiants de BUT ou de LP qui candidatent au Bonus Engagement Étudiant. Il s'agit d'un bonus dans la limite de 0,5 point qui peut être accordé par le jury de chaque diplôme en fonction des conditions définies par l'université.;11.35;3
Quelles sont les salles libres en BUT ?;Je ne parviens pas à répondre à partir de ces documents.;2.99;0
Qu'est-ce que le bizutage ?;Le bizutage est un délit pénal qui consiste à amener quelqu'un à subir ou à commettre des actes humiliants ou dégradants, notamment dans un contexte de manifestations ou de réunions liées aux milieux scolaire et socio-éducatif. Il est puni de 6 mois d'emprisonnement et de 7500 euros d'amende selon l'article 225-16-1 du Code pénal.;3.57;3
Quelles sont les dates du stage ?;Je ne parviens pas à répondre à partir de ces documents.;2.71;2
Comment ne pas avoir de pénalité d’absence ?;Pour éviter la pénalisation d'absence, il faut justifier l'absence auprès de la direction des études du département au plus tard le jour du retour à l'IUT. Le document original doit émaner d'une autorité médicale, administrative, judiciaire ou de toute autre autorité reconnue par l'IUT.;3.73;3
Quelle est la durée du stage ?;La durée du stage varie en fonction du but du stage : 8 à 10 semaines pour les BTS et autres diplômes de niveau universitaire de troisième cycle (BUT), et 12 à 16 semaines pour les licence professionnelle (LP).;2.97;1
Comment utiliser le materiel informatique ?;Je ne parviens pas à répondre à partir de ces documents. Les documents fournis ne contiennent pas d'informations sur la manière de'utiliser le matériel informatique. Ils présentent plutôt les objectifs, les compétences et les parcours de formation liés au B.U.T. Informatique, ainsi que les objectifs du programme national du B.U.T. Informatique.;3.04;0
Quel est le salaire en alternance en 3ème année ?;Je ne parviens pas à répondre à partir de ces documents. Les documents fournis ne contiennent aucune information spécifique sur les salaires des étudiants en alternance en troisième année.;3.38;0
Peut on s'enfermer dans une salle ?;Non, il n'est pas possible d'enfermer une salle selon les règles énoncées. L'accès à la salle doit rester possible à tout le monde et il est interdit de la verrouiller depuis l'intérieur.;2.94;2
Peut on utiliser les vidéo-projecteurs pour regarder un film ou jouer à des jeux-vidéos ?;Oui, les vidéoprojecteurs sont équipés pour afficher des vidéos, notamment des films et des jeux-vidéos.;2.83;0
Qu'est-ce que l'université de Lorraine ?;L'université de Lorraine est une institution éducative qui met en œuvre toutes les mesures nécessaires pour assurer la sécurité du système d'information et la protection des utilisateurs.;3.09;0
Comment obtenir le BUT ?;Je ne parviens pas à répondre à partir de ces documents.;3.97;0
Où peut-on fumer ?;Je ne parviens pas à répondre à partir de ces documents.;2.74;0
Peut-on fumer dans l'IUT ?;Je ne parviens pas à répondre à partir de ces documents.;3.76;0
Où peut-on manger le midi ?;Dans les salles du bâtiment, il est interdit de manger et de boire à l'exception du hall principal.;2.98;2
Peut-on manger dans les salles ?;Non, il est interdit de manger et de boire dans l’ensemble du bâtiment, sauf dans le hall principal et dans les salles où cela est explicitement autorisé.;3.05;3
Que ce passe-t-il si j'arrive en retard ?;Si vous arrivez en retard, votre absence est considérée comme non justifiée. La justification s'accompagne de la production d'un document original (certificat, attestation, convocation) déposé au secrétariat du département, au plus tard le jour du retour à l'IUT.;3.09;2
Comment se déroulent les contrôles ?;"Les contrôles se déroulent en plusieurs étapes. Tout d'abord, il est organisé une évaluation de substitution si la première évaluation ne peut avoir lieu. Si un élément (Ressource ou SAE) n'a pas pu être évalué en raison d'absences à toutes les épreuves ou de travaux non rendus, le jury prononce la défaillance à l'élément et peut proposer des mesures de remédiation avant la 2ème session si elle existe.

En cas d'absence injustifiée ponctuelle, la note de 0 est attribuée. Sur décision du jury, en cas d'absences injustifiées formation.

Les absences aux épreuves de contrôle continu ou terminales sont traitées en application des M3C générales de BUT et de LP.

Il est organisé une évaluation des connaissances au cours des contrôles.";3.86;3
Comment puis-je justifier une abscence ?;Je ne parviens pas à répondre à partir de ces documents. Les documents fournissent des informations sur les règles et les obligations liées au travail dans l'Université de Lorraine, mais ne contiennent aucune mention d'une procédure pour justifier une absence.;3.12;0
Comment on fait pour faire une poursuite d'étude après le BUT ?;Je ne parviens pas à répondre à partir de ces documents.;3.06;0
Comment doit-on s'habiller à l'IUT ?;Je ne parviens pas à répondre à partir de ces documents. Les documents fournis ne contiennent aucune information sur les normes de dressage ou la mode.;2.76;0
Peut-on rediréger les mails universitaires sur sa boîte mail personnelle ?;"Oui, il est possible de rediriger les emails universitaires sur une autre adresse de messagerie. Pour ce faire, vous devez suivre ces étapes :

1. Aller sur la page Sesame de l'université : https://sesame.univ-lorraine.fr/
2. Sur l'encart ""Gérer mon compte"", choisir la modification des préférences de messagerie.
3. Aller dans la section ""Messagerie"" et cliquer sur le bouton ""Gérer ma redirection"".

Il est également possible de configurer les notifications de réception de mails vers une autre adresse de messagerie. Pour ce faire, vous devez :

1. Aller sur la page de la messagerie (https://mail.etu.univ-lorraine.fr/), accessible depuis l'ENT.
2. Cliquer sur ""Préférences"".
3. Choisir la catégorie ""Mail"" et renseigner la zone ""Arrivée d'un mail"".";3.65;3
Y a t-il un wifi pour les étudiants et comment y accéder ?;"Oui, il existe un réseau Wi-Fi destiné aux étudiants de l'IUT Nancy-Charlemagne. Pour y accéder, les étudiants disposant d'un ordinateur portable doivent utiliser le réseau eduroam, qui est chiffré et accessible à tous les étudiants de l'UL dans de nombreuses autres universités ou établissements dans le monde entier.

Il existe également un configurateur automatique disponible sur : https://cat.eduroam.org/.";3.45;2
Peut-on s'inscrire en ligne à l'université si on est en recherche de contrat d'apprentissage ?;"Non, il est interdit de se inscrire en ligne à l'université si vous êtes en recherche de contrat d'apprentissage. Selon les documents fournis, ""Ne vous inscrivez pas en ligne à l’université que vous ayez déjà un contrat ou que vous soyez en recherche de contrat"".";3.3;2
Peut-on signaler un mail jugé innaproprié ?;"Oui, vous pouvez signaler un mail jugé inapproprié. Pour ce faire, allez sur la page de la messagerie (https://mail.etu.univ-lorraine.fr/), cliquez sur ""Préférences"", sélectionnez la catégorie ""Mail"" et choisissez l'option ""Signalement d'atteintes à autrui"". Entrez ensuite l'adresse suivante : signalement- listesdiffusion@univ-lorraine.fr.";3.05;1
Puis-je utiliser le wifi de l'IUT pour télécharger un film illégalement ?;"Non, vous ne pouvez pas utiliser le wifi de l'IUT pour télécharger un film illégalement. Le document spécifie que ""ne faites pas de tethering (partage de connexion internet viaun téléphone portable)"". De plus, il est interdit de télécharger ou d'utiliser des logiciels ou programmes sans respecter les droits de licence. La téléchargement de contenus illégaux constitue une atteinte à la propriété intellectuelle et à la sécurité des systèmes d'information de l'université.";3.13;1
Peut-on faire un traitement  de  données  à  caractère  personnel ?;Oui, mais il faut respecter les dispositions légales en matière de traitement automatisé de données à caractère personnel, conformément au Règlement général sur la protection des données (RGPD – 2016/679) et à la loi n° 2018-493 du 20 juin 2018 relative à la protection des données personnelles.;3.89;1
